name,spikelets_num,H1S1V1,H1S2V1,H1S3V1,H2S1V1,H2S2V1,H2S3V1,H3S1V1,H3S2V1,H3S3V1,H1S1V2,H1S2V2,H1S3V2,H2S1V2,H2S2V2,H2S3V2,H3S1V2,H3S2V2,H3S3V2,H1S1V3,H1S2V3,H1S3V3,H2S1V3,H2S2V3,H2S3V3,H3S1V3,H3S2V3,H3S3V3,ratio,bbox_width,bbox_height,spike_perimeter
Spike_450,10,7209,119505,438613,63,367,0,63,21647,9,847933,1218949,142383,21,19773,196,16346,3145,13077,43,308900,197302,0,0,0,0,0,19432,0.0867797638294117,14.926119378658813,63.17566806781172,145.64870034817974
Spike_196,12,907452,54465,459671,1891,861,53,25979,19772,81,963357,146283,145487,220,533,17221,2614,14699,15994,1091,326619,253165,0,0,0,0,0,17468,0.0869741442728782,33.31109725651235,100.80303321226583,284.0812481048567
Spike_62,11,559493,8002,468116,607,652,6,9545,8598,4,1715076,64885,103526,33,927,17939,18701,12641,17921,3603,182205,163995,2,0,0,0,2,18497,0.0858254264155406,24.374421102013528,63.08168841542234,151.44224580669922
Spike_793,12,6178,4748,584431,94,896,28,196,26395,17,1385541,140818,179332,37,22519,1545,23363,1021,17823,308637,339922,307411,0,0,0,0,0,24024,0.0756736145601672,18.615709181801133,87.32735120243295,218.16358982559197
Spike_378,10,600469,19612,459966,140,717,37,4633,19921,35,1317694,230191,119446,37,703,17162,8035,9393,16361,737,316789,215376,0,0,0,0,0,17522,0.087739761233414,44.57179870657431,74.5787970484019,232.5482527333265
Spike_580,10,5605,5017,583190,130,1075,52,264,27309,53,1569155,166739,156730,45,20035,3851,21142,2372,11612,273333,243432,259909,0,0,0,0,0,23926,0.0772685907448818,16.535478419404704,71.78252080199519,170.97069341323459
Spike_705,11,18619,9087,597051,176,936,123,196,27142,46,1590648,189644,165258,10,20500,3412,19133,4378,10506,256160,172777,265202,0,0,0,0,0,23972,0.0765027085902036,16.142071512532958,93.10379635427778,218.45656862495102
Spike_188,10,767852,8590,455003,2555,687,32,27221,16706,30,1385517,48910,94032,1730,684,17226,12850,9672,17153,2117,324664,164082,16,0,0,0,1,17646,0.0871267444034209,17.686729113894444,79.98235136234038,196.91017500721557
Spike_453,8,47577,63977,435050,153,478,0,109,21760,4,1326060,750243,148102,13,19357,547,19151,392,15915,88,315044,191394,0,0,0,0,0,19562,0.0863505799444292,17.097414828996982,71.41192961404295,183.31686566872065
Spike_80,11,666042,10290,466207,986,684,16,7757,13622,7,1591596,69343,98458,26,893,17714,17690,8013,17686,1169,201168,167318,1,0,0,0,1,18289,0.085726133628455,20.231367536315382,82.03990988243144,187.23546186194253
Spike_84,9,553310,32779,465610,492,752,8,1788,16371,4,1644333,104779,103412,33,1011,17571,16994,5470,17200,6455,192783,175639,0,0,0,0,1,18181,0.0860517518375284,14.800901316054885,68.15298745532249,158.52708192143476
Spike_12,12,933562,55941,473646,174,677,4,6735,20608,37,1050159,290033,108273,3,1029,17850,14904,3343,17357,2638,173569,185974,0,0,0,0,1,18459,0.0856158352674845,36.472345823948395,91.86579124201086,228.99031023043344
Spike_461,8,6293,68847,422546,115,334,0,37,21463,13,999111,1112484,150439,65,19945,5,18425,1221,15247,87,329971,188717,0,0,0,0,0,19611,0.0868570059711758,11.378267782224029,56.63076789320662,129.1084077839773
Spike_754,18,5521,4496,591588,149,899,66,191,27033,33,1807843,111976,168258,62,21864,2106,22753,895,15191,218208,147208,204674,0,0,0,0,0,23962,0.0764033709465268,20.55250678461571,53.94077988824792,139.47316213721152
Spike_437,8,115202,21814,451773,191,581,0,262,21713,3,1559511,466515,128825,10,11154,8808,19139,289,17583,95,363366,168559,0,0,0,0,0,19583,0.0867417671627602,17.69532050120308,59.15788520500246,138.9838355120401
Spike_828,9,12078,6683,603579,130,1014,62,316,27240,57,1804389,136911,164258,28,19741,4191,21666,1830,12518,150708,161305,222380,0,0,0,0,0,23892,0.075337993332887,13.937528766584096,53.56531325968266,135.70323922009982
Spike_531,10,5865,3923,583786,114,917,61,174,27064,35,1468745,152358,180304,43,21883,2121,22883,854,14743,382967,243210,238899,0,0,0,0,0,24027,0.0764877294088883,20.116272834537625,79.47075085583495,198.44001242158257
Spike_430,10,62148,152463,464937,101,704,0,147,21942,20,965249,936975,140394,15,17613,2116,13318,5949,14505,36,329417,227423,0,0,0,0,0,19504,0.0865587230691255,34.017578166166324,72.18997503965066,210.8779003333949
Spike_569,22,17261,9804,587293,154,1032,107,323,27237,78,1662646,137846,171161,19,17002,6890,21178,2257,9815,228646,181709,268632,0,0,0,0,0,23886,0.0772521152428179,31.75061936479816,93.70681578953811,283.63724258497575
Spike_432,9,241949,37947,465250,181,722,0,500,21962,28,1397999,449124,133148,5,6522,13276,17259,1961,15939,42,335609,216036,0,0,0,0,0,19517,0.0868675180499227,25.973387896926887,82.00293703912702,203.41464454521582
Spike_621,9,6263,5458,579848,115,1154,70,282,27341,43,1670410,159612,163461,7,19751,4106,20146,3340,10039,292376,165987,221360,0,0,0,0,0,23807,0.0776037035244943,11.252537011051674,48.50231470280894,120.55558906812459
Spike_728,9,13290,9405,601956,159,1008,81,327,27227,74,1714391,181606,155292,33,19404,4467,18617,4758,10059,198402,164198,226378,0,0,0,0,0,23844,0.0766847588973033,12.652985218055045,76.3780198617141,180.76187150202549
Spike_445,10,12482,37279,384159,183,203,0,9,8105,19,1255802,917698,167398,44,20088,3,19231,13928,15749,142,334666,168143,0,0,0,0,0,19645,0.0866510250708694,8.66510250708694,39.16626333203297,91.09354633430068
Spike_18,10,1218011,31879,480900,1137,821,40,12412,20569,69,935391,138772,101159,5,687,18039,6795,11379,16855,919,170683,190070,2,0,0,0,0,18382,0.0856243468932804,23.974817130118513,74.92130353162035,185.77407826900492
Spike_136,9,818785,64736,471399,160,739,13,2432,20438,18,1178597,267306,102645,5,913,17518,12885,4977,14626,389,196446,181877,0,0,0,0,0,18072,0.0864677523360024,16.342405191504454,86.3812845836664,205.3359994383422
Spike_114,11,995200,44359,472505,726,857,56,13881,20388,65,1116167,144296,103087,88,666,17719,6393,11510,16344,1045,190891,200630,0,0,0,0,0,18103,0.0869826356842471,15.830839694532973,99.68210049414718,234.93040160956676
Spike_90,22,497061,10338,465333,441,728,11,5698,14913,12,1696665,104130,106632,98,980,17587,16516,7920,17185,8032,216187,170302,0,0,0,0,0,18207,0.0854942958021898,38.64342170258979,85.06682432317885,247.19545962229986
Spike_36,21,436627,6508,458026,828,517,2,13830,3355,4,1861689,57390,111576,299,1023,17944,20667,17416,17999,11364,169198,150138,0,0,0,0,2,18574,0.0859515334905547,31.716115858014685,63.0024740485766,165.18106062551098
Spike_817,11,8123,5008,597285,132,884,83,249,27002,40,1576914,158737,174989,55,20933,3047,22892,697,16254,218807,260279,258618,0,0,0,0,0,23948,0.076020743346215,32.30881592214138,63.62936218078196,170.80303735314544
Spike_790,8,10012,7136,602176,139,927,47,230,27091,47,1822256,132711,167690,46,21280,2671,21357,2163,13839,167539,151318,200399,0,0,0,0,0,23902,0.075956442951678,11.545379328655056,60.46132858953569,143.23442861156414
Spike_242,11,364787,5491,429578,1395,523,3,9969,2909,4,1763019,38488,113898,540,1072,17059,19291,16958,17210,14390,361268,179353,1,0,0,0,11,17759,0.0875256425445976,14.179154092224811,98.29129657758311,219.76952430861357
Spike_440,8,31459,60570,431388,156,466,0,115,21594,8,1202296,886326,150921,39,19711,222,19006,651,16446,108,345903,168006,0,0,0,0,0,19585,0.08642009208101,11.92597270717938,54.098977642712256,136.55849709498128
Spike_190,11,942271,14449,457517,1700,852,49,17674,19694,47,1177894,64961,98987,627,609,17221,5852,11961,16245,1988,333627,173278,2,0,0,0,0,17471,0.0865756553510614,22.85597301268021,79.30330030157225,205.2921712617684
Spike_530,9,12910,9243,587929,112,971,67,212,27112,43,1425769,217763,185007,50,22050,1870,22576,1043,12999,335539,230808,256915,0,0,0,0,0,23988,0.0765973883548169,20.298307914026477,75.37183014113982,210.45705440151912
Spike_48,10,439669,6331,458495,783,523,3,14340,3288,3,1817801,63893,111513,393,1032,17917,20673,17642,18054,11013,192653,160441,1,0,0,0,8,18507,0.0860091359396917,21.588293120862616,78.26831370511945,179.7773561453023
Spike_32,10,369036,6954,460144,415,574,0,10769,3396,6,1892298,61931,113082,253,1044,17902,19765,17499,18015,8969,190885,163497,0,0,0,0,4,18538,0.0856388133267347,25.777282811347145,90.0920316197249,208.27517459986967
Spike_813,11,26330,8436,601089,117,863,107,288,27114,42,1580570,171058,175456,37,20159,3848,22386,1164,14589,188176,255023,254217,0,0,0,0,0,23907,0.0754689911049359,15.47114317651186,65.65802226129424,161.66301799599879
Spike_240,11,430824,5195,440233,749,533,1,10476,2999,0,1697628,42512,106026,251,938,17104,19563,17001,17133,7073,371729,169327,3,0,0,0,3,17675,0.0877278956033256,15.96647699980526,79.21828972980302,180.75207401245945
Spike_71,10,575171,7980,467782,408,558,10,5244,13330,3,1643155,109250,104128,68,912,17698,17352,8218,17638,1839,204507,161476,0,0,0,0,0,18249,0.0862678450920816,19.841604371178768,63.14806260740373,150.18506001140076
Spike_212,20,637257,8411,453452,1481,694,14,23640,17853,12,1527002,49178,98039,725,880,17108,11978,8923,16857,12916,307884,163045,3,0,0,0,0,17624,0.0869097481461626,23.37872225131774,90.99450630903225,236.1630169956813
Spike_532,9,8278,5959,609581,137,976,93,222,27216,48,1519522,194623,159540,33,20534,3384,20789,2715,10870,243055,249385,274039,0,0,0,0,0,23977,0.0760514795899399,15.0581929588081,79.24564173271737,202.06532313721723
Spike_130,12,953015,77877,473211,1085,873,90,13838,20479,38,979443,234616,142409,8,546,17764,2775,14823,16550,509,169062,237897,0,0,0,0,0,18068,0.0867420050817525,43.71797056120326,94.89575355943724,271.8751888204003
Spike_788,12,5371,4119,585693,97,870,24,168,26528,45,1677559,91952,181873,60,22992,1006,23169,934,17762,309548,173859,227409,0,0,0,0,0,23938,0.0755318719532093,12.462758872279535,60.198901946707814,144.73510409137572
Spike_521,21,395205,8998,502507,186,821,46,12837,21905,48,1661189,43450,116422,698,782,19091,10135,10671,18430,4988,324974,202037,0,0,0,0,1,19555,0.0826365128212967,39.99607220550761,90.81752759060508,306.81740925864466
Spike_46,15,603177,13499,476005,690,741,11,11103,18483,19,1489408,145761,120138,151,755,18007,14331,7053,18014,1279,209522,208332,0,0,0,0,0,18497,0.0853883836417902,33.04530446937281,90.6824634275812,240.38132809582072
Spike_22,21,538936,7292,456502,449,547,2,12323,5660,5,1720507,68019,119752,18,1058,17881,18997,15146,17916,8069,165433,181875,0,0,0,0,9,18580,0.0856991844513655,44.13507999245323,82.61401381111634,227.32872199956194
Spike_425,8,261765,6602,443243,130,581,3,2115,3520,3,1961297,54887,103085,199,938,17101,17897,16784,17139,3705,299755,146569,0,0,0,0,1,17657,0.0877858415556123,12.377803659341334,55.305080180035745,127.73072343244529
Spike_58,11,584685,7504,468843,891,583,3,12231,8346,6,1680510,65974,104751,41,876,17956,19406,12978,17867,4276,169012,179732,2,0,0,0,1,18502,0.0860456666089204,31.664805312082706,64.19006729025462,163.42423628307415
Spike_441,7,18736,49338,414366,158,264,0,57,18951,13,1245316,895768,153574,37,20024,28,19205,3022,15870,130,342489,157952,0,0,0,0,0,19678,0.0866575243181937,12.132053404547117,46.10180293727905,106.61524538862575
Spike_38,9,210422,5230,443944,411,496,0,11719,2701,0,2090547,54388,113479,198,1216,17775,21201,17973,17990,19625,181141,145903,3,0,0,0,16,18598,0.0860630895991701,19.01994280141659,60.93266743621243,142.7642589400989
Spike_575,15,19920,23448,601520,155,1298,188,822,27437,125,1824035,219568,155696,8,13367,10183,13359,9376,9730,41552,144794,234683,0,0,0,0,0,23712,0.0772532917149053,17.381990635853693,73.93140017116437,181.9630433320739
Spike_385,12,360222,8760,454866,178,608,21,5905,17871,7,1767349,88589,97274,122,839,17154,14612,5289,17114,1531,329048,169970,0,0,0,0,1,17646,0.0877922048627121,17.031687743366145,84.01714005361548,188.7323051118863
Spike_194,10,673156,16658,452834,499,697,3,7699,19564,5,1390999,131292,107892,42,819,17035,10532,6944,16293,2907,333729,167838,0,0,0,0,0,17539,0.0876049444062376,16.38212460396643,77.44277085511403,185.54888912947985
Spike_407,10,521133,15041,459327,122,753,39,6174,19842,20,1431846,225921,115049,85,697,17163,10437,6926,15993,563,320945,189372,0,0,0,0,0,17528,0.0879159473068732,50.28792185953147,71.82732894971541,217.49935121903798
Spike_644,8,5842,5323,572809,146,1025,46,232,27244,57,1709266,122009,166320,33,20876,3096,21622,1944,11466,318861,143071,219741,0,0,0,0,0,23947,0.0771630948046758,12.346095168748128,68.44366509174743,159.87316869340006
Spike_410,8,304651,7054,448834,226,612,7,7411,4257,10,1843147,81968,97875,818,869,17166,19101,17287,17283,4020,335273,149423,0,0,0,0,1,17683,0.0872109136314499,22.238782976019724,59.91389766480608,144.2705028970502
Spike_380,9,562102,17567,460026,128,726,63,5712,19891,51,1363410,246118,117643,74,664,17162,8993,8361,16492,651,320424,191123,0,0,0,0,0,17595,0.0877446368917202,40.97674542843333,65.19426521054811,194.25400065732737
Spike_622,10,9841,6814,588453,168,1164,98,382,27519,71,1762346,171921,157096,13,17346,6450,18431,4881,7929,187289,166902,216074,0,0,0,0,0,23788,0.0774015867366029,12.84866339827608,52.09126787373375,130.65286684744618
Spike_765,8,11386,5051,553353,145,915,71,164,27006,71,1842808,94945,172623,80,21495,2438,23018,685,17208,238567,147380,191548,0,0,0,0,0,24019,0.0781879910723643,11.024506741203366,61.76851294716779,143.5881663008958
Spike_6,10,651789,10681,454340,1031,621,0,13183,10073,5,1601386,89446,117119,50,1108,17875,21382,10654,17923,15668,159867,162144,1,0,0,0,11,18619,0.086031596559281,16.43203494282267,63.491318260749374,154.45406390973895
Spike_232,20,677197,8682,454585,418,689,6,15605,19404,24,1436079,80634,102190,111,914,17036,11172,6855,16580,5211,312122,191878,0,0,0,0,0,17584,0.0874262814884694,36.2819068177148,83.22981997702287,257.2040681600144
Spike_814,9,5082,4373,592792,103,864,73,183,26979,24,1627571,111129,170682,41,22057,2007,23236,459,16999,266963,250684,228692,0,0,0,0,0,23983,0.0756176918700314,17.467686821977253,67.07289268871784,168.98712713293313
Spike_436,9,255428,12986,465660,137,713,0,918,21986,18,1700377,235657,114653,5,2920,16963,17613,1648,17352,113,319936,170359,0,0,0,0,0,19534,0.0863636329811862,17.445453862199614,55.27272510795917,130.6588043516829
Spike_128,12,905295,31709,472909,516,818,46,5422,20237,25,1234054,129534,102960,159,711,17706,9263,8725,16848,2107,201112,196717,0,0,0,0,0,18103,0.08617932731167,17.58058277158068,95.83141197057704,225.45301531653212
Spike_214,11,806444,19633,457019,566,790,14,11544,19756,32,1263819,83627,98530,154,794,17106,7967,9656,16396,1725,343777,198084,0,0,0,0,0,17543,0.0872269251533948,20.672781261354565,99.35146774971668,232.08208547716848
Spike_76,10,656597,9976,464082,637,601,6,4467,11069,5,1600525,75957,102184,111,929,17699,17845,10143,17724,2062,197451,166614,0,0,0,0,2,18290,0.0866456654781758,20.361731387371314,72.3491306742768,171.18457758141716
Spike_208,9,509126,6401,448022,672,630,5,13707,8827,6,1670854,49180,99388,268,959,17070,15497,14794,16890,18452,308600,157974,3,0,0,0,0,17651,0.0870499833251952,16.71359679843748,59.36808862778313,138.5926859446994
Spike_438,8,77061,21785,436137,166,440,0,162,20436,6,1604280,482805,142079,41,17650,2314,19284,1537,17831,154,337692,173543,0,0,0,0,0,19573,0.0864917535721555,12.022353746529614,54.57629650403012,130.35529036796422
Spike_712,11,10126,5980,590431,116,1047,72,227,27152,56,1538777,246199,166962,29,21191,2706,20966,2598,10998,297007,163997,244465,0,0,0,0,0,23874,0.0764928520167251,15.375063255361743,72.20925230378849,169.39634492598518
Spike_104,12,401075,8766,462579,385,628,7,4381,6256,7,1822935,82360,108498,44,928,17688,17764,14685,17661,1726,198384,189948,0,0,0,0,2,18269,0.0857623507225353,22.555498240026782,96.2253575106846,221.8814073525032
Spike_8,11,932453,71183,475946,117,691,4,7162,20754,28,881327,400595,118869,3,1072,17746,13348,4850,17135,2041,195173,196034,0,0,0,0,0,18445,0.0859989787525161,17.285794729255734,72.32514113086603,186.64739827522024
Spike_16,10,1040317,81247,481586,289,758,29,7731,20660,59,792535,321778,137767,2,733,17928,7671,10305,15548,468,205815,213405,0,0,0,0,0,18345,0.0858579393582636,16.055434659995292,76.92871366500418,196.41273991035084
Spike_431,7,27221,41062,405564,108,330,0,27,11315,21,1308308,831072,153008,58,19984,42,19178,10761,16946,179,333635,176472,0,0,0,0,0,19685,0.0861881014806364,13.962472439863095,48.179148727675745,117.68999475953983
Spike_427,10,85276,18893,449051,152,530,0,291,21671,12,1528683,486765,137356,11,14423,5528,19187,339,16716,162,372255,198114,0,0,0,0,0,19561,0.0868592991901402,25.276056064330795,71.65892183186565,197.920705953987
Spike_446,9,10094,134088,446035,95,370,0,70,21676,17,845526,1183834,139612,26,19699,251,15652,3812,12123,36,307403,215079,0,0,0,0,0,19478,0.0862933667313406,16.654619779148735,79.30360402610201,187.5650877985649
Spike_220,9,471332,7717,446264,302,604,2,5953,9617,6,1692274,75128,104536,33,1161,16859,16977,11469,16646,8573,314532,157407,0,0,0,0,0,17584,0.0870443089487816,15.058665448139216,66.85002927266427,152.3469020393451
Spike_134,11,1058691,89577,476092,847,872,73,13423,20368,69,883110,249355,134543,0,548,17720,3137,14135,16220,667,160022,217446,0,0,0,0,0,18061,0.0863317151526597,36.518315509575054,88.92166660723949,264.97809310042953
Spike_370,9,644066,11188,457503,211,753,32,11433,20010,38,1495498,109723,98388,584,617,17292,8020,9642,17031,914,287657,166765,0,0,0,0,0,17611,0.0860893137171701,15.582165782807788,72.48720214985723,177.11789806377516
Spike_616,9,4941,4328,578561,156,972,68,188,27190,53,1574351,158818,164097,39,21281,2644,22241,1393,11938,330763,231317,215704,0,0,0,0,0,23933,0.0775435312006009,14.423096803311767,68.0832203941276,163.2199344522297
Spike_477,8,72558,54784,443143,170,563,0,211,21904,12,1474121,619089,117265,13,15471,4390,18531,811,16033,85,302331,194034,0,0,0,0,0,19457,0.0874668927117243,14.69443797556968,76.53353112275876,178.8915664957543
Spike_404,9,450968,9131,455429,192,751,40,9463,19481,12,1707570,75619,96004,696,681,17268,12264,6042,17047,1098,319206,158400,0,0,0,0,0,17614,0.0878245360420733,15.808416487573194,75.35345192409889,174.01626332101912
Spike_30,21,520022,7450,470040,333,617,0,12065,10871,12,1722972,75304,112636,47,925,17958,17968,10976,17814,2020,171428,184993,0,0,0,0,2,18523,0.0857350917080042,36.95182452614981,81.44833712260399,247.67172917448713
Spike_200,11,716023,9149,451804,3034,985,15,26129,18568,25,1441350,45034,94859,1629,812,17147,11416,9239,16622,11008,309263,173259,3,0,0,0,0,17603,0.0873444511292108,18.34233473713427,84.0253619863008,193.21117412960442
Spike_506,10,185656,124491,446856,135,816,1,491,22051,11,1155522,674430,140937,3,4854,14862,14815,4138,10918,30,317956,236608,0,0,0,0,0,19395,0.0876373144264041,47.84997367681664,76.24446355097157,255.61894823167665
Spike_66,9,537725,8569,450688,1424,606,1,7309,5778,8,1731523,68271,109832,97,990,17704,19020,14983,17687,4153,204800,155493,0,0,0,0,0,18315,0.0860419510736318,17.638599970094518,67.80105744602186,156.37780608371307
Spike_346,10,336564,4502,435254,918,491,2,10747,2770,10,1676964,114465,114404,227,990,17075,19828,17091,17093,11037,406971,169856,0,0,0,0,4,17713,0.0870544081852551,30.817260497580307,67.2930575272022,172.9477820013814
Spike_72,6,608585,9838,471760,544,659,15,11045,20079,32,1621177,114715,100538,87,777,17755,13233,5417,17414,1420,186159,155442,0,0,0,0,0,18285,0.0865185604870086,32.44446018262822,50.09424652197798,148.9277987820472
Spike_418,8,491503,8790,457066,252,768,52,7947,19506,14,1669453,75209,94849,979,652,17294,12304,6075,17213,1432,313845,162148,1,1,0,0,0,17623,0.087843853062535,13.352265665505321,69.22095621327759,162.94875558076512
Spike_92,9,726039,15034,469899,375,787,18,8851,20384,18,1438911,136309,102872,44,824,17640,10026,8297,16531,1182,205267,177539,0,0,0,0,0,18129,0.0858473282382773,15.8817557240813,69.62218320124289,172.7924728356011
Spike_444,6,10915,36637,360390,118,193,0,12,4088,34,1246858,910689,193082,65,20066,8,19274,17879,15696,181,341301,177885,0,0,0,0,0,19605,0.0865499770394129,14.107646257424303,44.14048829010058,108.33843958917035
Spike_782,9,23654,8817,552615,221,1034,86,378,26962,50,1756258,187267,152438,9,18065,5762,20620,2768,9250,149062,173257,262546,0,0,0,0,0,23857,0.0786662934353598,12.665273243092928,72.37298996053102,172.30107875756116
Spike_64,10,650730,9014,470203,790,576,3,3364,12971,6,1616543,77698,101044,46,996,17904,18459,8448,17923,2609,183332,163828,0,0,0,0,3,18486,0.0860479426119987,23.92132804613564,67.28949112258299,159.01250560115784
Spike_52,12,534595,7368,465650,1219,662,7,12831,7340,2,1708801,74401,107899,67,931,17922,19116,13833,17930,5102,188340,172362,0,0,0,0,1,18597,0.0855355574753544,14.883187000711667,73.56057942880479,168.16682404259498
Spike_341,9,683038,26298,459937,284,671,10,7784,19818,33,1250740,211147,121687,11,823,17043,10425,6870,15459,904,335684,188768,0,0,0,0,0,17542,0.0872205388367536,22.851781175229444,81.90008596771163,203.25964842062535
Spike_2,9,862090,29381,465182,282,640,1,10451,20472,14,1274171,174326,109801,3,1015,17865,17423,1161,17811,1757,180084,172475,0,0,0,0,7,18564,0.0861714888317639,14.39063863490457,79.7086271693816,192.00898890881788
Spike_725,12,817,2675,563044,100,769,16,98,23003,15,1403741,61522,172321,89,23683,478,23467,4428,18199,599843,194695,257828,0,0,0,0,0,24145,0.0768086452451265,29.033667902657815,74.5043858877727,212.11017042403338
Spike_392,9,289718,5989,449255,133,639,4,6751,4127,9,1924955,53942,98254,537,927,17124,18463,16528,17184,5321,295131,152335,1,0,0,0,1,17648,0.0878128828293522,13.610996838549593,64.80590752806192,149.71294992725075
Spike_529,11,4364,4225,586281,135,938,94,208,27230,56,1523929,132663,175638,32,20377,3612,22639,980,14705,311563,269817,251416,0,0,0,0,0,24074,0.0766584703666594,20.62112852863138,62.170019467360774,161.90993950252115
Spike_116,9,443242,8081,456263,353,614,6,5236,3794,1,1828761,73054,111617,321,1056,17623,18208,17575,17506,27849,168263,157287,0,0,0,0,2,18264,0.0862738371304971,15.52929068348948,66.51712842761327,150.9984049802975
Spike_118,14,641672,10643,469555,678,737,15,14638,20022,25,1610342,105291,105016,257,842,17696,13041,6053,16985,4073,166842,152334,0,0,0,0,0,18219,0.0864099297382467,28.860916532574397,37.58831943613731,180.480360131028
Spike_625,7,14904,9994,592794,195,1268,91,444,27633,85,1819330,224334,148602,12,16600,7098,16138,6972,8793,107042,154964,193900,0,0,0,0,0,23783,0.0770819934572863,12.564364933537666,45.5554581332562,110.1308474845601
Spike_672,10,11540,11861,590874,149,1306,99,412,27372,85,1557006,317091,159837,7,15991,7646,15755,7421,7393,127405,190678,301315,0,0,0,0,0,23733,0.0779450789111684,13.17271833598746,83.08945411930551,220.83377696016632
Spike_50,9,378141,6069,450244,493,486,1,6951,3040,2,1931678,57164,111889,124,1126,17847,19695,17583,17882,13846,175586,146555,2,0,0,0,22,18550,0.0857630405794979,11.406484397073221,63.20736090708996,142.6175872684313
Spike_498,7,10336,25598,346141,111,251,0,14,6505,19,1273687,959256,184691,102,19992,5,19221,15498,15095,198,306817,171795,0,0,0,0,0,19644,0.0875521993542078,10.33115952379652,36.68437152941307,87.12769057450139
Spike_204,12,661482,9460,454090,1020,763,19,9282,16019,9,1494503,56612,96995,582,871,17098,12766,9843,16836,13447,323340,162334,5,0,0,0,0,17600,0.0870622014271297,15.758258458310475,88.36813444853665,209.02001220603896
Spike_100,11,882568,65306,473420,655,852,83,8298,20429,54,1084826,231263,134599,7,583,17746,4816,12919,15357,455,177040,225708,0,0,0,0,0,17992,0.0857650642559616,18.18219362226386,75.47325654524622,181.7352293651007
Spike_512,9,192606,10921,438555,145,707,6,712,21943,9,1907982,127198,107200,5,1914,18002,18289,1038,17912,170,317627,172447,0,0,0,0,0,19588,0.0877645912339906,13.691276232502533,59.50439285664562,137.7673393209707
Spike_463,12,132668,53253,447441,148,789,0,455,22021,13,1376054,545979,148662,4,7556,12194,17965,1190,15456,46,344907,228750,0,0,0,0,0,19425,0.0880005387322728,33.35220417953139,84.65651826044643,233.42212538749092
Spike_198,12,930531,52014,456446,2064,907,75,20315,19881,65,970999,141913,138926,425,509,17233,2194,15087,16459,526,318213,252715,0,0,0,0,0,17479,0.0868924277936585,27.979361749558034,95.14720843405605,248.03811967654522
Spike_716,11,2243,4047,583820,133,912,79,273,27077,36,1528712,191116,166524,38,20255,3726,21611,1969,12152,247573,267849,270879,0,0,0,0,0,23952,0.0770517588762662,14.79393770424311,77.43701767064752,188.88266256125658
Spike_20,9,782475,11315,472553,515,778,6,13064,20253,7,1449688,105139,100750,3,910,17935,15033,3953,17534,10832,171717,162014,3,0,0,0,2,18497,0.0857476837048517,13.205143290547161,57.45094808225063,135.88414924788947
Spike_764,8,11983,6364,551198,176,881,35,248,26895,45,1785172,94757,178479,55,22103,1908,23037,691,17270,262997,157656,209018,0,0,0,0,0,24008,0.0780038038530407,12.480608616486514,69.81340444847143,172.60476784179193
Spike_400,18,493156,29321,459583,145,737,40,4078,19892,23,1355781,253274,140051,63,647,17216,10540,6807,16960,502,326346,222274,0,0,0,0,0,17540,0.0879853886080994,29.6510759609295,94.14436581066636,305.06734885691407
Spike_70,10,796641,13978,472334,832,661,31,6410,20199,16,1378044,137120,106010,22,800,17754,14098,4379,17638,1128,199226,169429,0,0,0,0,0,18226,0.0863135190643607,28.22452073404595,66.02984208423594,178.52669642422492
Spike_182,11,331196,124656,447698,111,515,1,413,19511,5,1196211,548397,109320,9,5342,12458,17020,436,16306,134,337894,189794,0,0,0,0,0,17549,0.0872870833642823,28.193727926663183,99.59456211864611,245.79150094372375
Spike_14,11,991123,46813,482346,333,758,32,17915,20582,37,869792,287184,139084,0,734,17975,10764,7262,15883,546,216067,231406,0,0,0,0,0,18340,0.0863579039412755,50.69208961352872,81.7809350323879,283.73037373061925
Spike_86,9,971307,54107,472818,525,892,40,8621,20524,31,1050747,220004,122239,10,663,17690,4244,13531,16071,397,198493,183964,0,0,0,0,0,18058,0.086124083654373,34.19126121078608,59.339493637863,170.14072914121243
Spike_239,18,661528,6816,455642,1221,667,17,21826,18119,21,1467402,53974,98766,464,706,17242,12582,7627,17086,2111,342264,171258,0,0,0,0,0,17637,0.0876958185099377,38.410768507352714,67.61347607116197,257.2030511876245
Spike_791,6,4291,4334,592590,154,854,55,183,27028,29,1781438,102864,170945,58,22572,1393,22764,856,14812,254349,144931,204543,0,0,0,0,0,23933,0.0759074795429174,12.145196726866786,45.54448772575044,107.62317379575428
Spike_108,10,869733,20817,472397,435,831,56,6920,20292,40,1320174,122524,96622,153,704,17728,8745,9281,16682,1503,193929,177298,0,0,0,0,0,18112,0.086132188727126,15.2453974047013,77.00217672205063,179.36911961549458
Spike_236,11,408920,4948,437408,811,512,0,10738,2866,8,1710709,41486,114067,295,1031,17059,20824,17082,17192,9599,370044,171656,0,0,0,0,5,17716,0.0877680908053283,29.84115087381162,83.02861390184057,203.3230446863036
Spike_342,9,782374,24602,459999,1019,752,29,15374,19749,60,1215403,175549,114084,106,630,17197,8491,8806,16507,1193,322319,173205,0,0,0,0,0,17528,0.0870511375714653,26.811750372011314,70.51142143288689,186.47663675868148
Spike_206,21,600682,8345,454202,1491,668,12,22785,15407,22,1532752,54414,98593,875,845,17136,12918,11098,16973,16184,330014,161923,11,1,0,0,1,17624,0.0871924460326897,46.82234351955437,93.90626437720681,308.91596994981217
Spike_238,10,412177,5397,436871,358,515,1,6136,3328,0,1725849,60590,111769,9,1119,16942,17604,16561,17093,3114,359137,162728,0,0,0,0,1,17677,0.0875583162238983,14.622238809391016,74.24945215786576,168.74026363465376
Spike_831,16,590,3005,551853,136,691,20,80,5558,21,1446199,41393,179050,103,23940,278,23664,21745,18769,627780,175041,230914,0,0,0,0,0,24146,0.0758930065660347,9.866090853584511,53.276890609356364,138.43918110687636
Spike_439,9,78409,66992,452161,89,595,0,183,21813,9,1285677,745188,129793,15,16416,3467,18908,484,16632,67,341324,177205,0,0,0,0,0,19549,0.086774951967387,19.350814288727303,60.742466377170906,149.78027753663665
Spike_39,13,319236,5672,447997,1213,512,0,14755,2905,2,2025611,52644,109825,472,1124,17878,21396,17771,17977,18838,147465,133063,0,0,0,0,24,18596,0.0849371685890704,14.439318660141968,56.653091448909954,137.75136888090782
Spike_547,10,2758,4740,602659,127,938,76,156,27160,57,1520675,194651,168544,34,20934,3054,21803,1796,13582,302597,237488,227172,0,0,0,0,0,23975,0.076358017669702,13.286295074528148,64.59888294856789,160.17378321545172
Spike_612,10,12257,8240,600426,165,1120,133,414,27355,73,1819873,173824,150833,9,15800,7950,17355,5867,7341,118175,141371,242603,0,0,0,0,0,23792,0.0773792154074872,14.779430142830055,67.93895112777376,172.0015953097736
Spike_497,8,13133,33874,377240,133,285,0,13,12479,16,1350296,862469,152073,65,19997,16,19106,9681,16023,197,317389,170856,0,0,0,0,0,19635,0.0876295129134364,9.98976447213175,36.97965444947016,88.44905689837442
Spike_435,10,172025,4973,452162,148,645,1,916,10900,20,1889716,90596,124277,7,1960,18029,18973,11455,18708,668,358658,180548,0,0,0,0,0,19591,0.0873053200705248,24.88201622009957,57.09767932612322,143.5784418997495
Spike_818,9,6777,4650,597106,169,889,66,217,27070,62,1648303,145900,167366,34,21587,2430,22757,885,17221,201957,251600,233916,0,0,0,0,0,24014,0.0757144355471919,40.58293745329486,46.7158067326174,150.04012189025065
Spike_106,11,928633,20442,472481,1713,833,42,18355,20311,56,1246256,104844,101396,71,695,17713,7649,10361,16481,1222,186192,201121,0,0,0,0,0,18109,0.0860480819649934,13.93978927832893,94.56684207952775,217.74202524613787
Spike_122,15,557512,10937,466879,594,763,9,8201,14780,20,1671142,81900,107459,261,904,17664,15689,8877,17402,8705,186961,180105,1,0,0,0,1,18210,0.0860120121441253,15.310138161654303,78.44295507544227,179.8107852667403
Spike_222,10,541291,11187,451028,240,572,1,10326,19255,3,1521342,134323,99800,4,1148,16836,14723,3635,16782,3743,327354,183792,0,0,0,0,0,17591,0.0874262814884694,16.173862075366838,87.60113405144634,204.5951781996071
Spike_428,10,99961,122318,463657,213,554,0,259,21916,20,1075647,840841,133948,10,15522,4330,16368,2872,14654,50,331725,210650,0,0,0,0,0,19461,0.0867760953076417,21.780799922218065,69.76798062734393,172.0062724862652
Spike_56,21,523379,10685,465479,173,599,3,7818,14069,3,1643108,118505,116225,6,1082,17743,18287,6853,17854,1123,213820,179642,0,0,0,0,0,18520,0.0859867856062553,34.65267459932089,94.49947738127459,262.66311850570895
Spike_656,10,9909,8137,592775,158,1215,87,348,27383,94,1735171,194657,162227,5,17658,6072,16319,6974,7803,162086,147030,255076,0,0,0,0,0,23792,0.0776484469441114,13.743775109107718,63.28348425945079,164.12438982397504
Spike_397,6,312651,7214,449718,252,608,7,8660,4403,12,1913777,44440,95717,995,853,17154,20992,16820,17294,4933,297850,142922,1,0,0,0,1,17702,0.08731303530874,14.406650825942101,46.2759087136322,111.38121311968021
Spike_215,22,696152,9831,455637,659,735,5,9633,19665,24,1466289,66833,102554,142,938,17003,11864,6162,15972,2537,296681,178098,0,0,0,0,0,17562,0.0876101408099419,42.57852843363176,75.51994137816992,277.15102419503484
Spike_132,12,716832,69634,471406,189,804,16,4009,20528,38,1158095,274736,139930,6,766,17638,9900,7906,15372,429,201666,247012,0,0,0,0,0,18064,0.086238605012952,34.75415782021965,102.71017857042582,273.45905526842904
Spike_466,10,108247,113056,451770,120,780,0,376,22113,13,1160575,770133,140788,3,11434,8286,13857,5212,13399,39,327040,208342,0,0,0,0,0,19393,0.0873952153201619,39.15305646343253,65.89599235140207,203.99997787019797
Spike_110,9,476930,7905,459816,306,587,6,5291,4947,6,1787782,71619,105966,200,1024,17613,18712,16582,17451,21193,179301,163494,0,0,0,0,3,18242,0.0859402860311941,18.992803212893893,61.361364226272585,144.63384836323573
Spike_535,10,3053,4081,602682,134,962,40,174,27090,56,1478700,167924,167412,75,22279,1598,21489,2137,14739,273828,277781,284805,0,0,0,0,0,23937,0.0762405277837885,16.69667558464968,82.03480789535642,215.5565260773962
Spike_462,8,7398,64350,422385,120,351,0,33,21453,6,1036837,1099492,150979,74,19939,6,18449,1260,15065,102,316780,180316,0,0,0,0,0,19581,0.0866321049339963,9.876059962475578,45.65511930021605,110.21741971035014
Spike_26,18,433145,7063,459379,736,682,7,8154,3622,5,1817192,67068,118881,120,939,17935,19225,17279,18012,8680,184218,174059,1,0,0,0,3,18571,0.086031039471672,32.433701880820344,67.2762728668475,173.6993054643101
Spike_515,10,44696,19633,415772,141,466,0,179,19995,8,1764820,414301,133228,49,17417,2554,19253,1962,17340,180,319274,164149,0,0,0,0,0,19559,0.0877933395511983,9.74506069018301,57.680224085137276,133.65561018294073
Spike_406,7,330174,7071,448855,308,645,14,13216,4295,10,1896788,40155,94869,978,856,17137,18978,16862,17281,4472,302085,142238,0,0,0,0,0,17689,0.0875648259812336,12.784464593260104,53.41454384855249,123.14228792408686
Spike_405,7,250053,5750,442951,246,613,2,9032,3266,9,1984645,40689,99346,877,878,17177,20235,16981,17318,8557,299227,139418,0,0,0,0,3,17703,0.0878413327282969,12.73699324560305,51.73854497696688,120.91569803693976
Spike_459,9,15049,98893,442088,135,449,0,89,21653,9,955038,1114691,139495,44,19545,346,17060,2388,13613,68,317578,197216,0,0,0,0,0,19529,0.0867693788307525,15.792026947196955,67.5933461091562,158.2893826606219
Spike_600,8,13237,6544,581104,150,1088,113,315,27488,57,1594251,158159,159834,16,17518,6374,21218,2240,11247,243716,224771,281627,0,0,0,0,0,23909,0.0772023157736921,23.08349241633394,68.4012517754912,168.46463713629583
Spike_234,17,518932,7560,450255,296,624,3,7571,15830,7,1611528,88169,107147,24,1013,16975,15012,6748,16686,9679,316500,166805,0,0,0,0,0,17612,0.0875037012899451,33.251406490179136,77.6157830441813,204.29228889136843
Spike_218,10,562798,8432,450654,340,630,1,6550,15006,4,1612205,73661,98474,45,1038,16919,15559,7755,16705,6632,301448,162528,0,0,0,0,0,17592,0.0871828784370897,19.005867499285554,65.91025609843982,154.49931296625758
Spike_572,16,5774,5751,588830,180,1063,145,391,27218,73,1755906,143572,163616,14,16586,7265,19414,3947,8149,187768,157279,258177,0,0,0,0,0,23858,0.0775624050621789,22.880909493342777,97.57350556822105,248.71170723928955
Spike_514,9,121600,33834,435844,164,614,1,294,21841,8,1656853,430437,110734,7,10307,9602,18741,596,17566,98,317897,168413,0,0,0,0,0,19525,0.0878498335470922,12.03542719595163,65.79952532677206,151.1681706030098
Spike_830,9,4688,4309,584570,132,853,37,151,26812,46,1746723,67119,171479,40,22572,1514,23344,733,18309,295378,169719,212423,0,0,0,0,0,24025,0.0756781645205869,9.686805058635123,49.947588583587354,116.6391124980407
Spike_389,10,423357,7749,456360,208,740,24,6746,18667,12,1754242,63490,94049,845,656,17306,13373,6010,17060,1992,315035,159389,0,0,0,0,0,17666,0.087698129639044,13.59321009405182,72.61405134112843,163.6994731993667
Spike_54,10,502476,7058,470794,867,583,15,13066,8838,9,1764987,67934,103190,194,875,18001,18592,12918,17844,3075,178440,166670,2,0,0,0,1,18547,0.0860895463076984,17.64835699307817,64.3949806381584,149.91791907873653
Spike_780,10,23395,27072,558587,177,1161,118,364,27097,94,1652514,292289,151872,8,17514,6195,17985,5309,8185,89924,167538,303834,0,0,0,0,0,23744,0.0788697788510337,19.954054049311527,78.94864862988474,193.1293651105686
Spike_34,13,476046,9628,472872,390,644,3,9582,9682,10,1757348,75525,109584,250,866,18003,17762,12202,17928,1896,164196,202021,0,0,0,0,0,18538,0.0851672387760167,37.98458849410345,93.59879541484236,264.28546762145345
Spike_230,11,710053,7798,455609,980,819,20,19010,19176,15,1436419,54670,94168,617,834,17125,10660,7996,16790,6736,324456,173394,12,0,0,0,1,17618,0.0877099339988136,15.436948383791194,87.35909426281835,197.73507127747612
Spike_775,10,13751,9671,517822,175,1082,106,272,26765,41,1676003,200292,156685,18,18717,4919,20991,2461,9926,208399,206082,277082,0,0,0,0,0,23716,0.0804206098459319,20.989779169788225,69.88550995611482,192.43951463758395
Spike_724,11,14208,9605,604036,139,1025,126,367,27167,46,1725994,186162,152814,8,18535,5308,18500,4873,8955,184331,137666,251239,0,0,0,0,0,23872,0.0769488082414613,12.004014085667963,67.56105363600302,171.19798923057795
Spike_454,11,34416,118252,447238,116,474,0,151,21838,4,1077673,942106,142074,55,18857,1038,17772,1656,15179,65,300584,215883,0,0,0,0,0,19545,0.0872459956869056,34.98564427044914,80.96428399744839,204.80960154787303
Spike_184,10,404201,5178,434533,496,558,0,12251,3142,9,1748932,60295,119861,6,1182,16799,18177,16763,17140,4631,318558,174569,0,0,0,0,0,17695,0.0872911565306955,15.712408175525189,74.63393883374465,176.30280434043624
Spike_433,8,156814,112769,467820,176,652,0,473,21911,20,1222566,659257,136803,9,9473,10363,17087,2081,14319,39,324427,198439,0,0,0,0,0,19478,0.0860516589235697,24.524722793217364,67.2923972782315,169.11354285991868
Spike_507,10,93134,147090,447354,116,781,2,306,21982,21,1137129,790744,137777,6,10388,9327,13767,5292,12472,35,302085,225804,0,0,0,0,0,19364,0.0876373144264041,33.38981679645996,79.74995612802773,210.13651036177433
Spike_510,10,384979,23548,445368,136,896,29,1069,22021,22,1453660,283288,126125,2,808,18919,11904,7097,16661,55,332752,226225,0,0,0,0,0,19412,0.0881461795068526,37.726564828932915,86.2951097372087,244.3490235511173
Spike_511,8,224543,40387,450048,112,766,9,606,21983,6,1590741,362059,121341,4,2828,16961,16990,2132,14107,85,300903,188930,0,0,0,0,0,19435,0.087553863015836,26.091051178719127,64.78985863171863,163.0590876339576
Spike_755,10,5091,4319,586825,131,851,92,168,26935,42,1528060,175591,174305,40,21866,2131,22965,732,15515,264487,243067,277748,0,0,0,0,0,24015,0.0761850161347696,18.436773904614245,71.9186552312225,176.57344473976536
Spike_226,14,659486,8893,450758,736,778,5,12725,17796,11,1484241,61797,99368,354,889,17081,12389,8197,16804,9260,318717,177090,0,0,0,0,0,17601,0.0875311182140392,15.843132396741094,98.4725079907941,230.43390872603024
Spike_611,18,15795,8685,592611,167,1070,137,305,27357,71,1743551,175987,153612,12,16744,7038,18229,5138,10677,191150,157427,225371,0,0,0,0,0,23842,0.0772318547456361,17.84055844624194,62.635034198710876,159.9567490109888
Spike_74,6,350762,5810,443344,414,496,0,2690,3119,2,1966294,71495,112656,62,1274,17450,19569,17299,17718,13925,175450,136773,0,0,0,0,27,18347,0.0859043515424074,16.665444199227036,46.30244548135759,132.74656793974447
Spike_434,9,125571,46740,454111,155,487,0,270,21727,4,1402019,597264,126944,20,14547,5390,18997,385,17659,82,346443,176604,0,0,0,0,0,19557,0.0867912488338445,17.96578850860581,69.95374656007866,179.5563079585955
Spike_673,9,14552,10767,576128,139,1060,67,257,27256,70,1498002,197146,165677,24,19958,3933,19959,3562,10725,297023,226418,278352,0,0,0,0,0,23901,0.0776620694817627,15.144103548943727,71.75975220114873,177.69548142459328
Spike_467,9,30787,38022,427321,164,490,0,132,21839,7,1402166,707847,143070,16,18327,1619,18920,594,16453,125,345650,181867,0,0,0,0,0,19560,0.0873911762306492,25.780396988041513,64.93164393937235,177.0706884056721
Spike_10,9,577430,15850,455077,397,599,0,10505,18912,6,1454455,273572,122827,16,1379,17605,18888,2251,17461,19954,186705,162538,0,0,0,0,2,18547,0.0863249137214709,15.970109038472117,68.02403201251907,157.98573375165375
Spike_78,10,622308,7835,460933,1366,577,3,8333,9112,10,1635459,64598,102174,34,981,17689,18759,11717,17792,4360,186997,185669,0,0,0,0,5,18265,0.0863429292970886,22.103789900054682,84.96144242833519,195.13091383636112
Spike_533,9,12438,6281,609828,142,997,66,243,27101,56,1527103,199537,160921,24,21198,2679,21013,2512,10685,255594,234975,257679,0,0,0,0,0,23904,0.076613120553779,22.524257442811027,63.435663818529015,178.1772429408435
Spike_210,9,911389,16687,457268,975,848,26,14778,19601,30,1218500,82574,95730,367,745,17131,7094,10368,16424,1976,311653,173296,0,0,0,0,0,17516,0.0875466708071508,15.670854074479992,69.07432326684199,167.42969055988215
Spike_807,11,17715,10903,598181,145,948,52,296,27241,61,1723046,116966,171895,47,20267,3723,22380,1149,15605,178811,173858,267709,0,0,0,0,0,23978,0.0757664823170484,16.289793698165404,77.35757844570641,198.67057752609745
Spike_94,10,1141406,91823,474745,648,893,112,15763,20650,81,771776,268506,139041,0,514,17706,2632,14373,15599,186,152947,227584,0,0,0,0,0,17991,0.0861351704789863,14.815249322385645,87.34106286569211,210.03647897314914
Spike_126,12,622598,14484,469780,200,672,21,4276,20033,15,1587465,130111,104703,27,919,17592,12147,6409,17152,3239,184782,160151,0,0,0,0,0,18200,0.0862848882253937,12.59759368090748,64.3685266161437,155.67836301496632
Spike_68,11,714965,8682,468995,662,664,6,9266,18006,10,1521834,74624,96773,13,879,17673,16266,4708,17695,1527,204623,178835,1,0,0,0,1,18268,0.0863914961212878,43.886880029614204,78.78904446261447,199.1599657171565
Spike_372,7,248465,5303,439128,136,569,7,5582,3468,3,1974234,53551,106990,203,1022,17051,19220,16785,17258,8905,296800,142561,0,0,0,0,2,17733,0.0866238579271675,14.639431989691307,48.85585587092247,115.69439280085693
Spike_816,9,10607,5301,596484,158,872,66,209,27011,42,1638056,151758,170110,53,21352,2656,22981,659,15958,235012,221131,230548,0,0,0,0,0,23952,0.0760731359155452,20.159381017619477,70.59587012962594,175.7902021152269
Spike_202,10,709894,9588,454932,863,711,14,16168,19302,9,1445718,53439,97340,443,815,17133,9925,9036,16730,6536,317070,171690,2,0,0,0,1,17617,0.0873840726849477,15.99128530134543,80.65549908820672,195.43179130897784
Spike_42,10,497498,7252,470610,656,620,5,14076,9856,6,1765329,66865,99896,90,938,17927,18555,12260,17920,3008,192590,160494,2,0,0,0,2,18521,0.0859810385452167,22.441051060301557,72.0521103008916,167.32007398592017
Spike_224,12,723285,11980,455917,408,654,7,10928,19776,19,1358861,113963,97653,10,915,17027,11978,5494,16187,1554,328810,181991,0,0,0,0,0,17559,0.0872601372516516,24.781878979469056,97.99313413360476,224.65943787227158
Spike_124,13,501534,8598,461930,527,658,12,7591,6647,4,1766780,71054,107278,251,983,17624,17464,15870,17423,17304,179133,158072,2,0,0,0,1,18236,0.0864983585963351,15.137212754358643,76.89704079214191,173.7868034653844
Spike_60,12,561287,7743,463212,440,612,4,12336,6179,3,1697907,68016,108432,36,939,17909,19314,14949,17953,5653,181812,171720,0,0,0,0,1,18519,0.0861881014806364,17.065244093166005,79.63780576810802,180.87199833419723
Spike_401,10,416729,15003,456888,131,683,16,5297,19894,7,1596299,174661,116968,99,769,17129,10396,7283,17015,754,335996,165370,0,0,0,0,0,17589,0.0879709908265458,20.585211853411717,72.83998040437993,189.46157913058448
Spike_805,7,687,2918,554225,122,693,3,73,5123,19,1468847,37865,177690,86,23848,352,23691,22183,18878,611113,186164,216254,0,0,0,0,0,24142,0.075608204899875,9.82906663698375,49.598982414318,120.33687799348549
Spike_408,10,589698,16144,458878,122,744,33,4932,19859,17,1382231,221427,107833,141,700,17170,9710,7679,16444,546,325738,177368,0,0,0,0,0,17562,0.087999445674529,31.67980044283044,75.15152660604777,205.12914410457475
Spike_483,15,158136,7141,437144,125,729,2,1450,17105,6,1912167,107954,126065,7,1209,18738,18525,5742,18399,381,359597,164732,0,0,0,0,0,19622,0.0876472778776541,26.7324197526845,66.08604751975119,164.03478826663442
Spike_216,9,498421,6581,446925,782,632,2,12630,6859,13,1707683,43999,104402,276,1039,17006,16971,15462,16888,16990,288900,154879,2,0,0,0,1,17633,0.0869578400613519,26.43518337865098,51.65295699644303,161.27599920084683
Spike_783,11,23045,21216,551145,177,1064,60,251,26992,58,1558206,234292,194154,13,20377,3377,20678,2801,11593,193824,212782,275040,0,0,0,0,0,23831,0.0794455700325113,19.940838078160336,89.37626628657522,255.2828327296442
Spike_624,7,12945,9452,591556,184,1338,77,472,27548,56,1784067,229704,152586,2,18245,5407,15771,7374,7462,124220,161475,201313,0,0,0,0,0,23722,0.077306558122706,10.359078788442604,46.92508078048254,111.4868156442746
Spike_579,9,10811,6652,593067,152,1111,109,337,27333,54,1638861,204640,157742,11,15516,8295,18648,4697,7302,165748,221026,269031,0,0,0,0,0,23833,0.0776333646791784,18.55437415832364,71.26742877548577,182.66075892610144
Spike_645,10,8985,6399,596934,154,1066,130,310,27276,66,1600364,217462,154100,13,17863,5948,15898,7438,7504,174416,232837,276029,0,0,0,0,0,23784,0.0774123738086377,15.637299509344816,75.5544768372304,187.6503578418019
Spike_28,8,601006,11556,476550,478,744,21,8242,19343,8,1617860,118922,107730,36,832,17976,15677,4239,17810,1215,181647,154562,0,0,0,0,0,18522,0.0846995151862657,15.245912733527826,59.88255723668985,140.70989808731238
Spike_102,12,504796,8965,468570,659,694,21,8602,12085,17,1724166,72682,101086,238,817,17751,16438,10415,17792,1354,199040,190563,0,0,0,0,2,18223,0.0855932871575102,23.366967394000284,96.12126147788396,224.43578124924355
Spike_112,8,430805,8037,453765,297,551,3,4876,4361,1,1848515,87818,110771,68,1184,17491,17636,17342,17499,25108,157867,152700,0,0,0,0,2,18279,0.0860789420962321,13.9447886195896,49.66754958952592,116.00462114372795
Spike_442,6,19863,36974,382781,121,339,0,29,5221,14,1342115,810610,171471,79,19985,34,19275,16791,16393,253,340910,172021,0,0,0,0,0,19697,0.0862956155942288,11.218430027249743,41.85337356320097,99.6635592061459
Spike_416,9,435996,8712,455382,365,807,16,12310,18991,6,1730262,65987,95812,981,709,17251,13461,6401,17206,1360,317623,157689,0,0,0,0,0,17649,0.0874297407441945,13.988758519071121,67.93290855823913,157.4075393031211
Spike_379,10,579386,13575,459073,255,846,59,13071,19845,22,1421592,169856,113413,960,544,17293,6589,11035,16856,1286,326550,185237,0,0,0,0,0,17633,0.0879912987092128,27.189311301146752,76.02448208475985,198.28157806500016
Spike_44,10,854116,38684,480416,498,727,75,7291,20726,28,1146194,238758,133699,0,595,18069,9889,8229,17356,446,175438,205303,0,0,0,0,0,18439,0.0857154335530488,29.400393708695738,90.51549783201953,246.54893973623237
Spike_451,9,13953,146886,448292,143,463,0,88,21911,5,859662,1150381,136482,44,19446,412,12952,6415,14156,50,303019,220758,0,0,0,0,0,19458,0.0872237802009543,15.874727996573682,80.158654004677,197.34838266100763
Spike_88,9,917107,35788,472576,810,865,41,9827,20385,41,1115656,221919,124686,1,706,17681,7554,10293,15845,483,195487,189176,0,0,0,0,0,18049,0.0856657055727097,22.44441486004994,63.735284946096016,156.2959227095667
Spike_186,10,437163,5811,435281,1165,555,2,8786,2976,5,1765215,46420,113395,306,998,17012,20460,16903,17257,9399,306231,151952,0,0,0,0,1,17683,0.0872721532975452,13.43991160782196,57.425076869784746,142.6272487022309
Spike_192,12,721724,11379,455498,659,758,9,10935,19592,15,1394250,83723,95431,151,896,17023,9223,8464,15747,2330,345701,163914,0,0,0,0,0,17554,0.0873776031542454,15.990101377226908,76.71753556942747,189.1085711627137
Spike_426,10,13375,186569,463474,126,547,0,131,21849,12,726378,1202794,147589,15,19093,709,6993,12247,11484,22,319554,222642,0,0,0,0,0,19373,0.0868970678669335,24.418076070608315,72.38525753315561,178.22343343688303
Spike_541,14,1112,3600,586144,147,834,71,163,26928,37,1596729,79553,174398,31,22938,1138,23186,690,16504,434084,162657,219979,0,0,0,0,0,24053,0.0762921137416002,19.22561266288325,88.57514405399785,209.6093061563247
Spike_619,9,14686,10216,587797,165,1263,42,344,27591,48,1707044,219535,154351,5,19476,4238,16798,6472,8307,182423,174885,215533,0,0,0,0,0,23757,0.077478513509231,16.657880404484665,60.588197564218646,149.3010276280505
Spike_707,10,3298,4486,595673,174,982,93,256,27058,51,1676159,193240,163354,11,20417,3493,19638,3877,9688,243153,152751,233189,0,0,0,0,0,23935,0.076733529941717,14.8863048086931,66.83490457923551,167.47066800499803
Spike_24,11,1004049,59329,481385,219,682,18,6832,20744,31,1038267,225298,109226,4,775,17982,14385,3755,17111,188,142609,213654,0,0,0,0,0,18433,0.0855986367193879,22.341244183760242,85.34184080922974,218.65969635295292
Spike_443,13,8868,55396,404189,121,256,0,23,18561,5,1119379,1024411,160362,107,19981,7,19153,3544,16038,119,336118,168733,0,0,0,0,0,19605,0.0861186815435159,10.93707255602652,47.02080012275968,109.72063015416644
Spike_766,12,6874,4333,557243,173,944,106,213,26980,45,1891993,95412,165697,54,20184,3722,22737,868,15018,217263,136822,184333,0,0,0,0,0,23962,0.0784343494567663,9.33368758535519,37.962225137074896,97.04766327585676
Spike_120,11,749260,19936,470489,391,816,27,4776,20266,29,1430891,120238,105174,209,815,17691,10835,7387,17087,2137,193597,184804,0,0,0,0,0,18121,0.0861814739351778,13.530491407822915,89.45636994471457,206.21609893643765
Spike_409,9,533561,12588,456325,127,730,26,4318,19943,24,1543523,177033,103941,92,694,17150,9867,7564,16562,582,295078,157702,0,0,0,0,0,17546,0.0873369704090605,28.47185235335372,59.214465937343014,159.2464370506176
Spike_449,10,15885,104326,441875,186,484,0,108,21705,11,966703,1087185,139183,16,19567,292,16884,2612,14516,52,316245,207616,0,0,0,0,0,19525,0.0868862103042264,13.03293154563396,77.50249959136995,179.0410902983088
Spike_429,11,40979,170550,462240,121,638,0,182,21850,15,920864,977520,141849,6,17262,2539,13041,6196,12846,25,344607,222189,0,0,0,0,0,19457,0.0867807644161007,31.76175977629286,75.06536121992711,205.79597914138066
Spike_615,8,17529,12821,595588,165,1101,135,376,27269,53,1755701,205499,149786,18,15333,8472,17997,5302,7608,146655,177768,206001,0,0,0,0,0,23799,0.0774449314296134,10.222730948708968,56.0701303550401,128.3003911518559
Spike_623,10,5279,5714,582808,161,1198,65,280,27525,34,1768358,133982,156629,11,19700,4122,17333,6068,9646,250336,154989,206915,0,0,0,0,0,23823,0.0776627866560515,11.727080785063777,55.761880819044976,131.68518841498943
Spike_640,6,2840,4113,588127,140,976,111,209,27102,67,1793887,123242,157786,34,20379,3489,19012,4487,9026,278770,127395,189904,0,0,0,0,0,23880,0.0779592381794262,8.263679247019176,38.35594518427769,89.54857605436558
Spike_697,10,437,3682,563356,111,1027,21,159,27210,18,1555836,165379,174985,58,23196,632,21270,2414,11696,422305,153393,223974,0,0,0,0,0,23817,0.0773231021951947,11.6757884314744,65.8019599681107,154.41871971990372
Spike_96,19,569214,9526,470246,411,797,8,9323,19945,9,1626429,127903,102698,74,891,17629,11863,7173,17132,3029,184231,178264,0,0,0,0,0,18181,0.0857169946877725,39.258383566999804,69.94506766522235,198.67461342391772
Spike_464,10,62837,96823,447953,144,641,0,190,21989,5,1189731,823076,136868,10,15664,4119,15781,3475,14912,58,320832,200416,0,0,0,0,0,19452,0.0874344187007356,23.519858630497875,71.52135449720171,176.06302243448897
Spike_618,17,1583,3871,574601,141,925,79,205,27163,46,1659571,120939,166525,44,21222,2763,22748,919,15602,344876,175626,211523,0,0,0,0,0,24004,0.0771197531809122,20.35961483976082,46.426091414909145,129.85957561212751
Spike_664,10,11975,10478,594855,159,1112,146,431,27233,79,1560042,291651,161511,17,17819,5917,15814,7368,7525,133825,193165,310085,0,0,0,0,0,23769,0.0775665217342237,20.55512825956928,86.25397216845676,220.81143104139295
Spike_717,10,3952,4181,585122,152,1000,71,251,27120,57,1541616,186577,168832,19,20358,3574,21818,1725,12471,282418,225817,263832,0,0,0,0,0,24013,0.0767823941589225,15.04934925514881,72.78970966265854,175.57094826541524
Spike_228,12,596218,8435,450679,1495,677,3,29529,14254,20,1550727,44535,104691,1208,898,17086,12891,12838,16964,17377,313081,163711,1,0,0,0,0,17658,0.086439768283379,15.732037827574977,85.6618103688286,208.7184484581906
Spike_495,13,8617,77505,421776,128,465,0,48,21710,9,1004085,1122586,141057,28,19694,181,17104,2379,14225,79,303379,200384,0,0,0,0,0,19537,0.087626029891804,20.329238934898527,73.08010892976453,184.61160578373992
Spike_1,15,481922,7492,448834,3809,459,0,20721,3668,2,1780831,76646,110504,79,1219,17864,24660,17071,18004,20449,147557,174495,19,0,0,0,29,18642,0.08595560773388,62.05994878386136,77.7898249991614,274.79775587796996
Spike_670,9,13627,9721,586383,162,1199,84,350,27358,72,1600538,223409,160638,9,16521,7224,17392,5871,6773,196637,200416,276819,0,0,0,0,0,23773,0.0778327005826697,13.776388003132537,79.00019109140975,188.4960363927088
Spike_377,10,700189,18890,460798,650,730,116,8419,19915,31,1307834,189132,111826,458,543,17250,5873,11551,17078,897,297961,187314,0,0,0,0,0,17521,0.0878786657395669,35.76661695600373,68.10596594816435,193.4976927142925
Spike_776,9,24188,9600,563962,120,1115,131,319,26991,72,1729583,213527,156837,31,15884,7752,19241,4023,8641,92287,204240,272718,0,0,0,0,0,23714,0.0792826948994213,14.270885081895834,73.49505817176355,182.44124645474653
Spike_244,10,415729,6219,435292,389,521,1,5159,3436,2,1741533,50719,112085,69,1093,16966,18158,16598,17131,3550,355937,156676,0,0,0,0,1,17712,0.0880670931817027,15.764009679524783,72.91955315444983,168.73173333813926
Spike_808,19,11547,6136,608213,120,916,91,250,26980,48,1819458,114463,163078,19,19144,4776,21912,1582,12995,136832,157977,244564,0,0,0,0,0,23875,0.0755573010576689,24.556122843742394,79.18405150843701,216.62433441248942
Spike_537,16,13627,10075,610988,128,982,108,270,27252,62,1649783,158929,165078,23,20498,3419,19133,4359,11251,242638,161685,250744,0,0,0,0,0,23944,0.0762051734908225,30.405864222838176,94.26579960814743,247.2699513502757
Spike_711,9,6163,4943,599041,127,1013,67,188,27204,64,1673711,197273,164048,17,20520,3362,18834,4686,10417,250640,152495,216237,0,0,0,0,0,23926,0.0770016798799213,13.475293978986228,49.435078482909475,132.42640491239496
Spike_274,12,471938,9691,443641,240,562,1,5099,7846,2,1622313,82338,113972,16,978,16982,17232,12367,17005,1845,342100,191136,0,0,0,0,0,17672,0.0871278534840274,32.76007290999431,73.44878048703511,213.1577388084045
Spike_715,10,6763,5526,594168,123,1049,87,261,27221,52,1494567,282404,164972,22,19709,4167,19955,3497,8108,230267,222893,265229,0,0,0,0,0,23936,0.0767690972806358,13.818437510514444,68.24772748248523,166.18188124210553
Spike_376,8,257914,5663,443283,179,579,0,9784,3207,4,1960775,44752,103242,655,966,17086,19645,17190,17279,10225,299561,145227,0,0,0,0,6,17754,0.0877461145244146,11.494741002698312,54.75357546323471,126.86814966222389
Spike_4,9,826779,39943,462596,263,531,0,10349,20623,15,1251739,209766,114860,4,1258,17648,17360,1322,17777,1354,163953,198255,0,0,0,0,2,18579,0.0861107664931022,15.24160566927909,85.16354806167809,196.80394378586723
Spike_321,11,767648,39749,460073,345,727,21,9389,19801,26,1061527,270279,127130,17,652,17143,8205,8917,15503,722,333627,215966,0,0,0,0,0,17509,0.0875244204372385,48.576053342667365,75.97119693952303,231.49332472344125
Spike_692,14,7402,9178,577158,115,1014,58,201,27064,56,1532379,177323,196885,42,21793,2086,21182,2391,12273,331671,172080,258685,0,0,0,0,0,23940,0.0772122813872114,17.6044001562842,96.43813945262703,276.9208042698798
Spike_344,10,499872,6671,453006,991,600,7,14936,10347,23,1488477,124686,108775,395,872,17114,15050,12989,17083,2480,411524,171401,0,0,0,0,1,17676,0.087372156242761,48.75366318346064,54.60759765172563,171.26257462561037
Spike_98,10,615760,10237,470330,461,728,25,4895,19708,16,1582683,109860,98033,227,869,17644,12552,6614,17004,3868,208960,176337,0,0,0,0,0,18165,0.0858930301918219,15.37485240433612,76.96015505187242,178.5254085554203
Spike_424,10,277557,6650,445217,187,608,10,3401,3241,2,1918034,47209,99860,554,881,17182,19269,17103,17244,6144,316684,160275,0,0,0,0,2,17662,0.0875059972627761,13.563429575730295,78.93040953102404,178.62027141246443
Spike_508,10,85940,111904,446059,135,694,0,292,21953,4,1148811,795403,135777,11,12625,7160,15814,3361,13303,58,327343,228905,0,0,0,0,0,19424,0.0876324075713503,51.264958429239925,73.78648717507694,247.38115657395602
Spike_82,13,447159,7751,457691,338,605,3,4864,4250,7,1830391,66640,105791,100,1006,17627,18598,16760,17682,2272,192495,164616,0,0,0,0,3,18327,0.0867178425124086,14.568597542084646,66.07899599445535,152.34873298568962
Spike_25,12,757297,53352,480204,111,656,6,2865,20731,27,1229258,271777,110544,3,1016,17783,15182,2959,16864,113,173574,202237,0,0,0,0,0,18417,0.0865779736712155,29.696244969226917,84.50010230310633,221.7256013931579
Spike_799,9,13603,8874,599552,136,966,40,244,27242,43,1764738,124790,168743,42,20834,3135,22187,1336,13807,164614,171497,244617,0,0,0,0,0,23936,0.0757926888290991,15.31012314347802,71.77567632115685,190.05268167885222
Spike_40,14,259893,5419,446524,630,491,0,13677,2733,1,2085308,50674,109918,268,1182,17799,21354,17827,17993,19036,151807,133868,2,0,0,0,18,18554,0.0865723910935296,30.386909273828888,43.719057502232445,123.50665154010524
Spike_757,10,13341,4836,584256,158,860,74,212,26931,29,1632963,141373,171494,46,19996,4039,23307,392,15338,222001,232172,257138,0,0,0,0,0,24020,0.0762885850976984,16.478334381102854,70.64322980046872,175.49133185302705
